ExhibitionTitle,ExhibitionURL
Painting in Paris,moma.org/calendar/exhibitions/2024
46 Painters and Sculptors under 35 Years of Age,moma.org/calendar/exhibitions/2025
Summer Exhibition: Painting and Sculpture,moma.org/calendar/exhibitions/1913
Painting and Sculpture by Living Americans,moma.org/calendar/exhibitions/1916
Memorial Exhibition: The Collection of the Late Lillie P. Bliss,moma.org/calendar/exhibitions/1707
Modern Architecture: International Exhibition,moma.org/calendar/exhibitions/2044
Murals by American Painters and Photographers,moma.org/calendar/exhibitions/2045
Summer Exhibition: Painting and Sculpture,moma.org/calendar/exhibitions/1708
A Brief Survey of Modern Painting,moma.org/calendar/exhibitions/2046
Persian Fresco Painting,moma.org/calendar/exhibitions/2047
